outcome,exposure_measure,mode,term,event_time,estimate,std_error,ci_low,ci_high,switchers,reps_completed
contracts,cosine_nearest,top_vs_bottom,Placebo_20,-21,-163.38277,154.32217,-465.85422,139.08868,124,100
contracts,cosine_nearest,top_vs_bottom,Placebo_19,-20,-37.797718,157.47209,-346.44302,270.84756,124,100
contracts,cosine_nearest,top_vs_bottom,Placebo_18,-19,-81.438057,104.68289,-286.61652,123.74042,124,100
contracts,cosine_nearest,top_vs_bottom,Placebo_17,-18,-36.762413,99.636658,-232.05025,158.52544,124,100
contracts,cosine_nearest,top_vs_bottom,Placebo_16,-17,-192.59903,91.303009,-371.55292,-13.645145,124,100
contracts,cosine_nearest,top_vs_bottom,Placebo_15,-16,-251.77596,202.98862,-649.63367,146.08174,124,100
contracts,cosine_nearest,top_vs_bottom,Placebo_14,-15,-534.26044,177.71391,-882.57971,-185.94118,124,100
contracts,cosine_nearest,top_vs_bottom,Placebo_13,-14,-421.42593,160.84784,-736.68768,-106.16415,124,100
contracts,cosine_nearest,top_vs_bottom,Placebo_12,-13,-404.54938,156.48979,-711.26941,-97.829376,124,100
contracts,cosine_nearest,top_vs_bottom,Placebo_11,-12,-382.32343,169.99092,-715.50562,-49.141205,124,100
contracts,cosine_nearest,top_vs_bottom,Placebo_10,-11,-491.03937,208.91002,-900.50299,-81.575729,124,100
contracts,cosine_nearest,top_vs_bottom,Placebo_9,-10,-232.35233,130.09131,-487.33127,22.626638,124,100
contracts,cosine_nearest,top_vs_bottom,Placebo_8,-9,-198.30547,136.32913,-465.51056,68.899643,124,100
contracts,cosine_nearest,top_vs_bottom,Placebo_7,-8,19.852747,68.025909,-113.47804,153.18353,124,100
contracts,cosine_nearest,top_vs_bottom,Placebo_6,-7,67.605095,127.89963,-183.07817,318.28836,124,100
contracts,cosine_nearest,top_vs_bottom,Placebo_5,-6,61.344345,84.158287,-103.6059,226.29459,124,100
contracts,cosine_nearest,top_vs_bottom,Placebo_4,-5,-90.478615,116.48306,-318.78543,137.82819,124,100
contracts,cosine_nearest,top_vs_bottom,Placebo_3,-4,-110.47038,188.76581,-480.45139,259.51062,124,100
contracts,cosine_nearest,top_vs_bottom,Placebo_2,-3,-141.43399,166.55264,-467.8772,185.0092,124,100
contracts,cosine_nearest,top_vs_bottom,Placebo_1,-2,-74.546814,119.99582,-309.73862,160.64499,124,100
contracts,cosine_nearest,top_vs_bottom,Reference,-1,0,,,,,100
contracts,cosine_nearest,top_vs_bottom,Effect_1,0,106.98563,117.2599,-122.84379,336.81503,124,100
contracts,cosine_nearest,top_vs_bottom,Effect_2,1,133.41924,113.59131,-89.219727,356.0582,124,100
contracts,cosine_nearest,top_vs_bottom,Effect_3,2,302.66113,155.04703,-1.2310382,606.55328,124,100
contracts,cosine_nearest,top_vs_bottom,Effect_4,3,310.1196,126.74523,61.698948,558.54022,124,100
contracts,cosine_nearest,top_vs_bottom,Effect_5,4,231.71165,93.984695,47.501648,415.92166,124,100
contracts,cosine_nearest,top_vs_bottom,Effect_6,5,351.78287,133.59268,89.941208,613.62451,124,100
contracts,cosine_nearest,top_vs_bottom,Effect_7,6,225.67413,77.73658,73.31044,378.03781,124,100
contracts,cosine_nearest,top_vs_bottom,Effect_8,7,256.21103,113.54405,33.664684,478.75739,124,100
contracts,cosine_nearest,top_vs_bottom,Effect_9,8,138.29201,97.255165,-52.328121,328.91214,124,100
contracts,cosine_nearest,top_vs_bottom,Effect_10,9,171.51588,142.15808,-107.11395,450.14572,124,100
contracts,cosine_nearest,top_vs_bottom,Effect_11,10,120.63715,142.22755,-158.12886,399.40317,124,100
contracts,cosine_nearest,top_vs_bottom,Effect_12,11,79.573135,159.10532,-232.2733,391.41956,124,100
contracts,cosine_nearest,top_vs_bottom,Effect_13,12,215.32495,88.136742,42.576931,388.07297,124,100
contracts,cosine_nearest,top_vs_bottom,Effect_14,13,232.17639,103.95266,28.429178,435.92361,124,100
contracts,cosine_nearest,top_vs_bottom,Effect_15,14,457.01123,218.69009,28.378645,885.6438,124,100
contracts,cosine_nearest,top_vs_bottom,Effect_16,15,313.80637,141.03079,37.386013,590.22675,124,100
contracts,cosine_nearest,top_vs_bottom,Effect_17,16,250.63062,91.556709,71.179466,430.08176,124,100
contracts,cosine_nearest,top_vs_bottom,Effect_18,17,332.38263,120.59274,96.020851,568.74445,124,100
contracts,cosine_nearest,top_vs_bottom,Effect_19,18,338.58286,130.26022,83.272804,593.89288,124,100
contracts,cosine_nearest,top_vs_bottom,Effect_20,19,253.49109,119.75392,18.773396,488.20877,124,100
contracts,cosine_nearest,top_vs_bottom,Effect_21,20,168.48555,127.33337,-81.087845,418.05896,124,100
contracts,cosine_nearest,top_vs_bottom,Effect_22,21,253.19391,134.32028,-10.073845,516.46167,124,100
contracts,cosine_nearest,top_vs_bottom,Effect_23,22,89.52536,171.14554,-245.91989,424.97061,124,100
contracts,cosine_nearest,top_vs_bottom,Effect_24,23,144.92352,175.52507,-199.10561,488.95267,124,100
contracts,cosine_nearest,top_vs_bottom,Effect_25,24,182.76266,94.918472,-3.2775443,368.80289,124,100
contracts,cosine_nearest,top_vs_bottom,Effect_26,25,105.82615,120.62046,-130.58995,342.24225,124,100
contracts,cosine_nearest,top_vs_bottom,Effect_27,26,293.74902,114.17589,69.964294,517.53375,124,100
contracts,cosine_nearest,top_vs_bottom,Effect_28,27,315.491,149.12907,23.198011,607.784,124,100
contracts,cosine_nearest,top_vs_bottom,Effect_29,28,233.80641,98.666779,40.419521,427.1933,124,100
contracts,cosine_nearest,top_vs_bottom,Effect_30,29,324.57736,137.69366,54.697792,594.45691,124,100
contracts,cosine_nearest,top_vs_bottom,Effect_31,30,321.93097,132.37524,62.475513,581.38647,124,100
contracts,cosine_nearest,top_vs_bottom,Effect_32,31,302.39258,139.29338,29.37755,575.40759,124,100
contracts,cosine_nearest,top_vs_bottom,Effect_33,32,163.08566,139.18085,-109.70881,435.88013,124,100
contracts,cosine_nearest,top_vs_bottom,Effect_34,33,175.16156,168.3772,-154.85774,505.18088,124,100
contracts,cosine_nearest,top_vs_bottom,Effect_35,34,-79.064362,191.24081,-453.89636,295.76764,124,100
contracts,cosine_nearest,top_vs_bottom,Effect_36,35,105.36613,190.36188,-267.74313,478.4754,124,100
contracts,cosine_nearest,top_vs_bottom,Effect_37,36,145.86842,123.10073,-95.409012,387.14584,124,100
contracts,cosine_nearest,top_vs_bottom,Effect_38,37,119.39523,121.26642,-118.28695,357.07739,124,100
contracts,cosine_nearest,top_vs_bottom,Effect_39,38,245.18651,119.66725,10.6387,479.73431,124,100
contracts,cosine_nearest,top_vs_bottom,Effect_40,39,252.53491,143.42981,-28.587511,533.65735,124,100
contracts,cosine_nearest,top_vs_bottom,Effect_41,40,151.32219,116.90922,-77.81987,380.46423,124,100
contracts,cosine_nearest,top_vs_bottom,Effect_42,41,249.22574,127.49039,-.65542072,499.10687,124,100
contracts,cosine_nearest,top_vs_bottom,Effect_43,42,171.65588,109.55941,-43.080563,386.39233,124,100
contracts,cosine_nearest,top_vs_zero,Placebo_20,-21,-163.38277,154.14343,-465.50388,138.73836,124,100
contracts,cosine_nearest,top_vs_zero,Placebo_19,-20,-37.797718,165.75838,-362.68414,287.08871,124,100
contracts,cosine_nearest,top_vs_zero,Placebo_18,-19,-81.438057,104.38514,-286.03293,123.15681,124,100
contracts,cosine_nearest,top_vs_zero,Placebo_17,-18,-36.762413,106.33947,-245.18777,171.66295,124,100
contracts,cosine_nearest,top_vs_zero,Placebo_16,-17,-192.59903,87.275787,-363.65958,-21.538494,124,100
contracts,cosine_nearest,top_vs_zero,Placebo_15,-16,-251.77596,206.11362,-655.75861,152.20673,124,100
contracts,cosine_nearest,top_vs_zero,Placebo_14,-15,-534.26044,191.308,-909.22412,-159.29678,124,100
contracts,cosine_nearest,top_vs_zero,Placebo_13,-14,-421.42593,144.49358,-704.63336,-138.21851,124,100
contracts,cosine_nearest,top_vs_zero,Placebo_12,-13,-404.54938,166.98033,-731.83081,-77.267929,124,100
contracts,cosine_nearest,top_vs_zero,Placebo_11,-12,-382.32343,170.43524,-716.37646,-48.270351,124,100
contracts,cosine_nearest,top_vs_zero,Placebo_10,-11,-491.03937,231.2988,-944.38501,-37.693718,124,100
contracts,cosine_nearest,top_vs_zero,Placebo_9,-10,-232.35233,160.2106,-546.36511,81.660461,124,100
contracts,cosine_nearest,top_vs_zero,Placebo_8,-9,-198.30547,132.38109,-457.7724,61.161465,124,100
contracts,cosine_nearest,top_vs_zero,Placebo_7,-8,19.852747,64.277649,-106.13144,145.83693,124,100
contracts,cosine_nearest,top_vs_zero,Placebo_6,-7,67.605095,114.29296,-156.40912,291.61929,124,100
contracts,cosine_nearest,top_vs_zero,Placebo_5,-6,61.344345,76.050888,-87.715393,210.40408,124,100
contracts,cosine_nearest,top_vs_zero,Placebo_4,-5,-90.478615,107.82171,-301.80917,120.85193,124,100
contracts,cosine_nearest,top_vs_zero,Placebo_3,-4,-110.47038,183.5925,-470.31168,249.37093,124,100
contracts,cosine_nearest,top_vs_zero,Placebo_2,-3,-141.43399,162.77029,-460.46378,177.59579,124,100
contracts,cosine_nearest,top_vs_zero,Placebo_1,-2,-74.546814,105.42367,-281.17722,132.08357,124,100
contracts,cosine_nearest,top_vs_zero,Reference,-1,0,,,,,100
contracts,cosine_nearest,top_vs_zero,Effect_1,0,106.98563,108.2129,-105.11166,319.08292,124,100
contracts,cosine_nearest,top_vs_zero,Effect_2,1,133.41924,106.85932,-76.02504,342.86353,124,100
contracts,cosine_nearest,top_vs_zero,Effect_3,2,302.66113,142.8344,22.705713,582.61658,124,100
contracts,cosine_nearest,top_vs_zero,Effect_4,3,310.1196,122.77489,69.480827,550.75836,124,100
contracts,cosine_nearest,top_vs_zero,Effect_5,4,231.71165,109.65614,16.785635,446.6377,124,100
contracts,cosine_nearest,top_vs_zero,Effect_6,5,351.78287,164.51544,29.332602,674.23315,124,100
contracts,cosine_nearest,top_vs_zero,Effect_7,6,225.67413,80.955925,67.000519,384.34775,124,100
contracts,cosine_nearest,top_vs_zero,Effect_8,7,256.21103,111.20553,38.248196,474.17386,124,100
contracts,cosine_nearest,top_vs_zero,Effect_9,8,138.29201,78.560982,-15.687508,292.27151,124,100
contracts,cosine_nearest,top_vs_zero,Effect_10,9,171.51588,134.38586,-91.880402,434.91217,124,100
contracts,cosine_nearest,top_vs_zero,Effect_11,10,120.63715,137.67036,-149.19675,390.47107,124,100
contracts,cosine_nearest,top_vs_zero,Effect_12,11,79.573135,144.11919,-202.90047,362.04672,124,100
contracts,cosine_nearest,top_vs_zero,Effect_13,12,215.32495,82.722122,53.189579,377.4603,124,100
contracts,cosine_nearest,top_vs_zero,Effect_14,13,232.17639,100.67426,34.854839,429.49796,124,100
contracts,cosine_nearest,top_vs_zero,Effect_15,14,457.01123,200.46179,64.106117,849.91632,124,100
contracts,cosine_nearest,top_vs_zero,Effect_16,15,313.80637,131.99559,55.09502,572.5177,124,100
contracts,cosine_nearest,top_vs_zero,Effect_17,16,250.63062,112.33539,30.453262,470.80798,124,100
contracts,cosine_nearest,top_vs_zero,Effect_18,17,332.38263,144.19138,49.767548,614.99774,124,100
contracts,cosine_nearest,top_vs_zero,Effect_19,18,338.58286,135.95471,72.111603,605.05408,124,100
contracts,cosine_nearest,top_vs_zero,Effect_20,19,253.49109,114.72851,28.623219,478.35895,124,100
contracts,cosine_nearest,top_vs_zero,Effect_21,20,168.48555,109.47084,-46.077286,383.0484,124,100
contracts,cosine_nearest,top_vs_zero,Effect_22,21,253.19391,122.82137,12.464019,493.9238,124,100
contracts,cosine_nearest,top_vs_zero,Effect_23,22,89.52536,159.16838,-222.44466,401.49539,124,100
contracts,cosine_nearest,top_vs_zero,Effect_24,23,144.92352,161.35593,-171.33409,461.18115,124,100
contracts,cosine_nearest,top_vs_zero,Effect_25,24,182.76266,88.753258,8.806282,356.71906,124,100
contracts,cosine_nearest,top_vs_zero,Effect_26,25,105.82615,114.12082,-117.85065,329.50293,124,100
contracts,cosine_nearest,top_vs_zero,Effect_27,26,293.74902,111.82846,74.565247,512.9328,124,100
contracts,cosine_nearest,top_vs_zero,Effect_28,27,315.491,140.82663,39.470802,591.51123,124,100
contracts,cosine_nearest,top_vs_zero,Effect_29,28,233.80641,118.3044,1.9297974,465.68301,124,100
contracts,cosine_nearest,top_vs_zero,Effect_30,29,324.57736,157.62561,15.631163,633.52356,124,100
contracts,cosine_nearest,top_vs_zero,Effect_31,30,321.93097,154.33719,19.430079,624.43188,124,100
contracts,cosine_nearest,top_vs_zero,Effect_32,31,302.39258,136.48648,34.879082,569.90607,124,100
contracts,cosine_nearest,top_vs_zero,Effect_33,32,163.08566,121.03419,-74.141335,400.31268,124,100
contracts,cosine_nearest,top_vs_zero,Effect_34,33,175.16156,150.13651,-119.10598,469.42911,124,100
contracts,cosine_nearest,top_vs_zero,Effect_35,34,-79.064362,188.02396,-447.59134,289.46262,124,100
contracts,cosine_nearest,top_vs_zero,Effect_36,35,105.36613,172.19231,-232.1308,442.86304,124,100
contracts,cosine_nearest,top_vs_zero,Effect_37,36,145.86842,118.5583,-86.505836,378.24268,124,100
contracts,cosine_nearest,top_vs_zero,Effect_38,37,119.39523,116.37399,-108.6978,347.48825,124,100
contracts,cosine_nearest,top_vs_zero,Effect_39,38,245.18651,117.43729,15.009419,475.36359,124,100
contracts,cosine_nearest,top_vs_zero,Effect_40,39,252.53491,135.78864,-13.610818,518.6806,124,100
contracts,cosine_nearest,top_vs_zero,Effect_41,40,151.32219,134.03708,-111.3905,414.03488,124,100
contracts,cosine_nearest,top_vs_zero,Effect_42,41,249.22574,146.89427,-38.687027,537.13849,124,100
contracts,cosine_nearest,top_vs_zero,Effect_43,42,171.65588,110.3139,-44.559368,387.87112,124,100
contracts,cosine_weighted,top_vs_bottom,Placebo_20,-21,-255.27809,155.60968,-560.27307,49.716881,124,100
contracts,cosine_weighted,top_vs_bottom,Placebo_19,-20,-128.39746,153.40567,-429.07257,172.27763,124,100
contracts,cosine_weighted,top_vs_bottom,Placebo_18,-19,-85.271988,121.82947,-324.05774,153.51376,124,100
contracts,cosine_weighted,top_vs_bottom,Placebo_17,-18,-47.186424,126.54132,-295.2074,200.83456,124,100
contracts,cosine_weighted,top_vs_bottom,Placebo_16,-17,-57.114838,114.7353,-281.996,167.76634,124,100
contracts,cosine_weighted,top_vs_bottom,Placebo_15,-16,-51.256962,222.47012,-487.2984,384.78448,124,100
contracts,cosine_weighted,top_vs_bottom,Placebo_14,-15,-283.25372,190.89592,-657.40973,90.902267,124,100
contracts,cosine_weighted,top_vs_bottom,Placebo_13,-14,-420.42831,164.25571,-742.36951,-98.487129,124,100
contracts,cosine_weighted,top_vs_bottom,Placebo_12,-13,-146.75063,186.07127,-511.45032,217.94905,124,100
contracts,cosine_weighted,top_vs_bottom,Placebo_11,-12,-62.092709,184.85373,-424.40604,300.22061,124,100
contracts,cosine_weighted,top_vs_bottom,Placebo_10,-11,-230.91524,244.09248,-709.33649,247.50603,124,100
contracts,cosine_weighted,top_vs_bottom,Placebo_9,-10,-93.166214,194.92412,-475.21747,288.88504,124,100
contracts,cosine_weighted,top_vs_bottom,Placebo_8,-9,-168.22467,170.64189,-502.6828,166.23343,124,100
contracts,cosine_weighted,top_vs_bottom,Placebo_7,-8,99.465233,98.028709,-92.671028,291.6015,124,100
contracts,cosine_weighted,top_vs_bottom,Placebo_6,-7,260.77475,159.59621,-52.033825,573.58331,124,100
contracts,cosine_weighted,top_vs_bottom,Placebo_5,-6,130.68147,115.93952,-96.55999,357.92294,124,100
contracts,cosine_weighted,top_vs_bottom,Placebo_4,-5,93.437698,101.85593,-106.19994,293.07535,124,100
contracts,cosine_weighted,top_vs_bottom,Placebo_3,-4,108.04673,199.15019,-282.28766,498.3811,124,100
contracts,cosine_weighted,top_vs_bottom,Placebo_2,-3,52.446354,176.27702,-293.05661,397.94931,124,100
contracts,cosine_weighted,top_vs_bottom,Placebo_1,-2,-68.221268,82.743973,-230.39944,93.956917,124,100
contracts,cosine_weighted,top_vs_bottom,Reference,-1,0,,,,,100
contracts,cosine_weighted,top_vs_bottom,Effect_1,0,298.07843,141.7778,20.193945,575.96289,124,100
contracts,cosine_weighted,top_vs_bottom,Effect_2,1,332.31473,141.62541,54.728916,609.90051,124,100
contracts,cosine_weighted,top_vs_bottom,Effect_3,2,323.72235,160.09416,9.9377775,637.5069,124,100
contracts,cosine_weighted,top_vs_bottom,Effect_4,3,259.73929,137.65166,-10.057945,529.53656,124,100
contracts,cosine_weighted,top_vs_bottom,Effect_5,4,176.21201,98.463425,-16.776316,369.20032,124,100
contracts,cosine_weighted,top_vs_bottom,Effect_6,5,306.07416,147.25914,17.446245,594.70209,124,100
contracts,cosine_weighted,top_vs_bottom,Effect_7,6,216.45932,92.268867,35.612339,397.3063,124,100
contracts,cosine_weighted,top_vs_bottom,Effect_8,7,239.84827,96.484688,50.738274,428.95825,124,100
contracts,cosine_weighted,top_vs_bottom,Effect_9,8,200.97285,72.976311,57.939278,344.00644,124,100
contracts,cosine_weighted,top_vs_bottom,Effect_10,9,264.4906,157.0522,-43.331726,572.31293,124,100
contracts,cosine_weighted,top_vs_bottom,Effect_11,10,194.77325,152.52855,-104.18272,493.72922,124,100
contracts,cosine_weighted,top_vs_bottom,Effect_12,11,-31.520489,117.34097,-261.50879,198.4678,124,100
contracts,cosine_weighted,top_vs_bottom,Effect_13,12,263.18912,93.694641,79.547638,446.83063,124,100
contracts,cosine_weighted,top_vs_bottom,Effect_14,13,331.42172,112.75772,110.41659,552.42688,124,100
contracts,cosine_weighted,top_vs_bottom,Effect_15,14,488.21188,200.41296,95.402473,881.0213,124,100
contracts,cosine_weighted,top_vs_bottom,Effect_16,15,260.97406,131.05974,4.0969744,517.85114,124,100
contracts,cosine_weighted,top_vs_bottom,Effect_17,16,166.10577,92.144852,-14.498145,346.70969,124,100
contracts,cosine_weighted,top_vs_bottom,Effect_18,17,258.65106,122.53396,18.484484,498.81763,124,100
contracts,cosine_weighted,top_vs_bottom,Effect_19,18,312.56271,114.64584,87.85688,537.26855,124,100
contracts,cosine_weighted,top_vs_bottom,Effect_20,19,272.92102,100.37077,76.194298,469.64774,124,100
contracts,cosine_weighted,top_vs_bottom,Effect_21,20,232.47102,94.835701,46.593037,418.349,124,100
contracts,cosine_weighted,top_vs_bottom,Effect_22,21,297.03082,143.59256,15.589389,578.47223,124,100
contracts,cosine_weighted,top_vs_bottom,Effect_23,22,175.92393,174.33011,-165.76308,517.61096,124,100
contracts,cosine_weighted,top_vs_bottom,Effect_24,23,32.927288,139.48961,-240.47235,306.32693,124,100
contracts,cosine_weighted,top_vs_bottom,Effect_25,24,269.47775,99.944191,73.587128,465.36835,124,100
contracts,cosine_weighted,top_vs_bottom,Effect_26,25,247.80145,136.12166,-18.997,514.59991,124,100
contracts,cosine_weighted,top_vs_bottom,Effect_27,26,256.88281,106.76878,47.615997,466.14963,124,100
contracts,cosine_weighted,top_vs_bottom,Effect_28,27,266.66171,145.16191,-17.855618,551.17908,124,100
contracts,cosine_weighted,top_vs_bottom,Effect_29,28,149.29771,105.61981,-57.717117,356.31253,124,100
contracts,cosine_weighted,top_vs_bottom,Effect_30,29,239.90485,135.11932,-24.929039,504.73871,124,100
contracts,cosine_weighted,top_vs_bottom,Effect_31,30,248.16412,144.03801,-34.150372,530.47858,124,100
contracts,cosine_weighted,top_vs_bottom,Effect_32,31,268.01892,116.14407,40.37656,495.66132,124,100
contracts,cosine_weighted,top_vs_bottom,Effect_33,32,200.84352,111.72813,-18.143612,419.83066,124,100
contracts,cosine_weighted,top_vs_bottom,Effect_34,33,243.3194,169.17575,-88.265091,574.90387,124,100
contracts,cosine_weighted,top_vs_bottom,Effect_35,34,-21.715385,207.73546,-428.87689,385.44611,124,100
contracts,cosine_weighted,top_vs_bottom,Effect_36,35,-20.383202,156.62921,-327.37643,286.61005,124,100
contracts,cosine_weighted,top_vs_bottom,Effect_37,36,228.13802,132.51189,-31.585291,487.86133,124,100
contracts,cosine_weighted,top_vs_bottom,Effect_38,37,229.97249,123.29888,-11.693329,471.63831,124,100
contracts,cosine_weighted,top_vs_bottom,Effect_39,38,199.82358,114.77863,-25.142534,424.7897,124,100
contracts,cosine_weighted,top_vs_bottom,Effect_40,39,178.41557,147.18539,-110.06779,466.89896,124,100
contracts,cosine_weighted,top_vs_bottom,Effect_41,40,29.015669,125.25182,-216.47789,274.50922,124,100
contracts,cosine_weighted,top_vs_bottom,Effect_42,41,138.9752,134.78619,-125.20573,403.15616,124,100
contracts,cosine_weighted,top_vs_bottom,Effect_43,42,132.51073,118.22603,-99.212303,364.23373,124,100
contracts,cosine_weighted,top_vs_zero,Placebo_20,-21,-255.27809,131.79521,-513.59668,3.0405388,124,100
contracts,cosine_weighted,top_vs_zero,Placebo_19,-20,-128.39746,141.21992,-405.18854,148.3936,124,100
contracts,cosine_weighted,top_vs_zero,Placebo_18,-19,-85.271988,125.85133,-331.94058,161.39661,124,100
contracts,cosine_weighted,top_vs_zero,Placebo_17,-18,-47.186424,128.07217,-298.20789,203.83504,124,100
contracts,cosine_weighted,top_vs_zero,Placebo_16,-17,-57.114838,123.21205,-298.61044,184.38078,124,100
contracts,cosine_weighted,top_vs_zero,Placebo_15,-16,-51.256962,231.56586,-505.12604,402.61212,124,100
contracts,cosine_weighted,top_vs_zero,Placebo_14,-15,-283.25372,168.32297,-613.16675,46.659294,124,100
contracts,cosine_weighted,top_vs_zero,Placebo_13,-14,-420.42831,135.83363,-686.66223,-154.19441,124,100
contracts,cosine_weighted,top_vs_zero,Placebo_12,-13,-146.75063,150.14436,-441.0336,147.53232,124,100
contracts,cosine_weighted,top_vs_zero,Placebo_11,-12,-62.092709,167.65588,-390.69824,266.51282,124,100
contracts,cosine_weighted,top_vs_zero,Placebo_10,-11,-230.91524,244.39891,-709.93713,248.10663,124,100
contracts,cosine_weighted,top_vs_zero,Placebo_9,-10,-93.166214,170.87375,-428.07874,241.74632,124,100
contracts,cosine_weighted,top_vs_zero,Placebo_8,-9,-168.22467,148.9984,-460.26154,123.81219,124,100
contracts,cosine_weighted,top_vs_zero,Placebo_7,-8,99.465233,95.538071,-87.789383,286.71985,124,100
contracts,cosine_weighted,top_vs_zero,Placebo_6,-7,260.77475,154.80847,-42.649841,564.19934,124,100
contracts,cosine_weighted,top_vs_zero,Placebo_5,-6,130.68147,105.66045,-76.413025,337.77597,124,100
contracts,cosine_weighted,top_vs_zero,Placebo_4,-5,93.437698,101.83873,-106.16621,293.04163,124,100
contracts,cosine_weighted,top_vs_zero,Placebo_3,-4,108.04673,204.99373,-293.74097,509.83444,124,100
contracts,cosine_weighted,top_vs_zero,Placebo_2,-3,52.446354,171.7917,-284.26538,389.15808,124,100
contracts,cosine_weighted,top_vs_zero,Placebo_1,-2,-68.221268,74.375389,-213.99704,77.554497,124,100
contracts,cosine_weighted,top_vs_zero,Reference,-1,0,,,,,100
contracts,cosine_weighted,top_vs_zero,Effect_1,0,298.07843,116.90304,68.948471,527.20837,124,100
contracts,cosine_weighted,top_vs_zero,Effect_2,1,332.31473,138.8582,60.152645,604.47681,124,100
contracts,cosine_weighted,top_vs_zero,Effect_3,2,323.72235,162.8833,4.4710803,642.97363,124,100
contracts,cosine_weighted,top_vs_zero,Effect_4,3,259.73929,119.46703,25.583927,493.89468,124,100
contracts,cosine_weighted,top_vs_zero,Effect_5,4,176.21201,86.596199,6.483459,345.94055,124,100
contracts,cosine_weighted,top_vs_zero,Effect_6,5,306.07416,142.59277,26.59231,585.55603,124,100
contracts,cosine_weighted,top_vs_zero,Effect_7,6,216.45932,83.896446,52.022289,380.89636,124,100
contracts,cosine_weighted,top_vs_zero,Effect_8,7,239.84827,91.80658,59.90736,419.78915,124,100
contracts,cosine_weighted,top_vs_zero,Effect_9,8,200.97285,68.67778,66.364403,335.5813,124,100
contracts,cosine_weighted,top_vs_zero,Effect_10,9,264.4906,156.47958,-42.209396,571.19055,124,100
contracts,cosine_weighted,top_vs_zero,Effect_11,10,194.77325,144.67322,-88.786255,478.33276,124,100
contracts,cosine_weighted,top_vs_zero,Effect_12,11,-31.520489,126.89847,-280.24149,217.2005,124,100
contracts,cosine_weighted,top_vs_zero,Effect_13,12,263.18912,94.784431,77.411644,448.96661,124,100
contracts,cosine_weighted,top_vs_zero,Effect_14,13,331.42172,110.71585,114.41866,548.4248,124,100
contracts,cosine_weighted,top_vs_zero,Effect_15,14,488.21188,200.61992,94.996834,881.42694,124,100
contracts,cosine_weighted,top_vs_zero,Effect_16,15,260.97406,120.96122,23.890079,498.05804,124,100
contracts,cosine_weighted,top_vs_zero,Effect_17,16,166.10577,84.777069,-.057285763,332.26883,124,100
contracts,cosine_weighted,top_vs_zero,Effect_18,17,258.65106,123.19479,17.189272,500.11282,124,100
contracts,cosine_weighted,top_vs_zero,Effect_19,18,312.56271,120.85603,75.684914,549.44049,124,100
contracts,cosine_weighted,top_vs_zero,Effect_20,19,272.92102,102.87115,71.293556,474.54846,124,100
contracts,cosine_weighted,top_vs_zero,Effect_21,20,232.47102,97.429619,41.508957,423.43307,124,100
contracts,cosine_weighted,top_vs_zero,Effect_22,21,297.03082,144.2556,14.289821,579.77179,124,100
contracts,cosine_weighted,top_vs_zero,Effect_23,22,175.92393,161.66808,-140.94551,492.79337,124,100
contracts,cosine_weighted,top_vs_zero,Effect_24,23,32.927288,144.3278,-249.9552,315.80978,124,100
contracts,cosine_weighted,top_vs_zero,Effect_25,24,269.47775,94.527267,84.204292,454.75119,124,100
contracts,cosine_weighted,top_vs_zero,Effect_26,25,247.80145,120.0979,12.409575,483.19333,124,100
contracts,cosine_weighted,top_vs_zero,Effect_27,26,256.88281,102.77605,55.441734,458.32388,124,100
contracts,cosine_weighted,top_vs_zero,Effect_28,27,266.66171,132.46513,7.0300474,526.2934,124,100
contracts,cosine_weighted,top_vs_zero,Effect_29,28,149.29771,96.57988,-39.998848,338.59427,124,100
contracts,cosine_weighted,top_vs_zero,Effect_30,29,239.90485,134.50293,-23.720917,503.53061,124,100
contracts,cosine_weighted,top_vs_zero,Effect_31,30,248.16412,141.55695,-29.287489,525.61572,124,100
contracts,cosine_weighted,top_vs_zero,Effect_32,31,268.01892,125.71083,21.625698,514.41217,124,100
contracts,cosine_weighted,top_vs_zero,Effect_33,32,200.84352,117.14311,-28.756969,430.44403,124,100
contracts,cosine_weighted,top_vs_zero,Effect_34,33,243.3194,165.51396,-81.087975,567.72675,124,100
contracts,cosine_weighted,top_vs_zero,Effect_35,34,-21.715385,198.871,-411.50253,368.07178,124,100
contracts,cosine_weighted,top_vs_zero,Effect_36,35,-20.383202,156.34283,-326.81516,286.04877,124,100
contracts,cosine_weighted,top_vs_zero,Effect_37,36,228.13802,116.92516,-1.0352955,457.31134,124,100
contracts,cosine_weighted,top_vs_zero,Effect_38,37,229.97249,115.76462,3.0738347,456.87112,124,100
contracts,cosine_weighted,top_vs_zero,Effect_39,38,199.82358,111.44324,-18.605181,418.25235,124,100
contracts,cosine_weighted,top_vs_zero,Effect_40,39,178.41557,126.07413,-68.689705,425.52087,124,100
contracts,cosine_weighted,top_vs_zero,Effect_41,40,29.015669,106.53219,-179.78743,237.81877,124,100
contracts,cosine_weighted,top_vs_zero,Effect_42,41,138.9752,125.86752,-107.72511,385.67554,124,100
contracts,cosine_weighted,top_vs_zero,Effect_43,42,132.51073,105.22617,-73.732559,338.754,124,100
contracts,rf,top_vs_bottom,Placebo_20,-21,-601.78192,290.30518,-1170.78,-32.783737,122,100
contracts,rf,top_vs_bottom,Placebo_19,-20,-415.18195,263.38751,-931.42145,101.05755,122,100
contracts,rf,top_vs_bottom,Placebo_18,-19,-588.17792,256.586,-1091.0864,-85.269356,122,100
contracts,rf,top_vs_bottom,Placebo_17,-18,-464.59509,244.34972,-943.52057,14.330351,122,100
contracts,rf,top_vs_bottom,Placebo_16,-17,-729.07898,301.25949,-1319.5476,-138.61037,122,100
contracts,rf,top_vs_bottom,Placebo_15,-16,-892.11023,287.91711,-1456.4277,-327.79272,122,100
contracts,rf,top_vs_bottom,Placebo_14,-15,-852.35657,252.62122,-1347.4941,-357.21896,122,100
contracts,rf,top_vs_bottom,Placebo_13,-14,-537.4137,143.27054,-818.22394,-256.60342,122,100
contracts,rf,top_vs_bottom,Placebo_12,-13,-722.42908,336.70605,-1382.3729,-62.485184,122,100
contracts,rf,top_vs_bottom,Placebo_11,-12,-844.29877,375.88748,-1581.0382,-107.55932,122,100
contracts,rf,top_vs_bottom,Placebo_10,-11,-1511.9814,463.83374,-2421.0955,-602.86731,122,100
contracts,rf,top_vs_bottom,Placebo_9,-10,-935.04272,375.60104,-1671.2207,-198.86469,122,100
contracts,rf,top_vs_bottom,Placebo_8,-9,-806.92548,336.13864,-1465.7572,-148.09377,122,100
contracts,rf,top_vs_bottom,Placebo_7,-8,-251.16013,177.27756,-598.62415,96.303886,122,100
contracts,rf,top_vs_bottom,Placebo_6,-7,-340.8736,226.27792,-784.3783,102.63113,122,100
contracts,rf,top_vs_bottom,Placebo_5,-6,-235.62624,145.38887,-520.58844,49.335957,122,100
contracts,rf,top_vs_bottom,Placebo_4,-5,-475.49335,185.75951,-839.58197,-111.40469,122,100
contracts,rf,top_vs_bottom,Placebo_3,-4,-414.79071,175.17776,-758.1391,-71.442276,122,100
contracts,rf,top_vs_bottom,Placebo_2,-3,-256.46942,118.01324,-487.77539,-25.163446,122,100
contracts,rf,top_vs_bottom,Placebo_1,-2,95.74752,64.859367,-31.376833,222.87187,122,100
contracts,rf,top_vs_bottom,Reference,-1,0,,,,,100
contracts,rf,top_vs_bottom,Effect_1,0,53.887634,184.67058,-308.06671,415.84198,122,100
contracts,rf,top_vs_bottom,Effect_2,1,25.166136,175.55679,-318.92517,369.25745,122,100
contracts,rf,top_vs_bottom,Effect_3,2,-46.626999,138.82506,-318.72412,225.47011,122,100
contracts,rf,top_vs_bottom,Effect_4,3,226.22191,133.33524,-35.115162,487.55899,122,100
contracts,rf,top_vs_bottom,Effect_5,4,173.93921,122.40046,-65.965691,413.84412,122,100
contracts,rf,top_vs_bottom,Effect_6,5,572.6673,158.88231,261.258,884.0766,122,100
contracts,rf,top_vs_bottom,Effect_7,6,180.16693,120.80711,-56.615002,416.94885,122,100
contracts,rf,top_vs_bottom,Effect_8,7,360.44568,128.21776,109.13889,611.7525,122,100
contracts,rf,top_vs_bottom,Effect_9,8,95.21418,113.81615,-127.86547,318.29382,122,100
contracts,rf,top_vs_bottom,Effect_10,9,229.88409,109.54374,15.178355,444.58981,122,100
contracts,rf,top_vs_bottom,Effect_11,10,189.23709,115.21967,-36.59346,415.06763,122,100
contracts,rf,top_vs_bottom,Effect_12,11,383.87793,145.4957,98.706367,669.0495,122,100
contracts,rf,top_vs_bottom,Effect_13,12,388.15704,102.01247,188.2126,588.1015,122,100
contracts,rf,top_vs_bottom,Effect_14,13,277.14359,117.01235,47.799377,506.48779,122,100
contracts,rf,top_vs_bottom,Effect_15,14,151.80704,112.52526,-68.742462,372.35654,122,100
contracts,rf,top_vs_bottom,Effect_16,15,375.75745,146.63478,88.353279,663.16162,122,100
contracts,rf,top_vs_bottom,Effect_17,16,310.41202,106.81056,101.06331,519.76068,122,100
contracts,rf,top_vs_bottom,Effect_18,17,516.17725,143.3696,235.17282,797.1817,122,100
contracts,rf,top_vs_bottom,Effect_19,18,529.19513,146.71274,241.63814,816.75208,122,100
contracts,rf,top_vs_bottom,Effect_20,19,310.3591,105.91738,102.76104,517.95715,122,100
contracts,rf,top_vs_bottom,Effect_21,20,258.11563,107.41127,47.589558,468.64172,122,100
contracts,rf,top_vs_bottom,Effect_22,21,321.19897,132.96855,60.580608,581.81732,122,100
contracts,rf,top_vs_bottom,Effect_23,22,97.259651,147.8103,-192.44853,386.96783,122,100
contracts,rf,top_vs_bottom,Effect_24,23,534.52148,186.80136,168.39081,900.65216,122,100
contracts,rf,top_vs_bottom,Effect_25,24,420.00925,108.66119,207.03331,632.98517,122,100
contracts,rf,top_vs_bottom,Effect_26,25,131.39215,134.0441,-131.33427,394.11856,122,100
contracts,rf,top_vs_bottom,Effect_27,26,171.34999,105.04363,-34.53553,377.2355,122,100
contracts,rf,top_vs_bottom,Effect_28,27,314.60092,167.22778,-13.165546,642.36737,122,100
contracts,rf,top_vs_bottom,Effect_29,28,314.5274,105.49056,107.76588,521.28888,122,100
contracts,rf,top_vs_bottom,Effect_30,29,554.4082,144.91119,270.38223,838.43414,122,100
contracts,rf,top_vs_bottom,Effect_31,30,556.80634,147.75288,267.21063,846.40198,122,100
contracts,rf,top_vs_bottom,Effect_32,31,504.35294,158.90324,192.90259,815.80334,122,100
contracts,rf,top_vs_bottom,Effect_33,32,283.9487,138.69186,12.11267,555.78473,122,100
contracts,rf,top_vs_bottom,Effect_34,33,128.79239,139.02135,-143.68947,401.27423,122,100
contracts,rf,top_vs_bottom,Effect_35,34,-187.42259,237.73116,-653.37567,278.53046,122,100
contracts,rf,top_vs_bottom,Effect_36,35,477.47034,179.73251,125.1946,829.74603,122,100
contracts,rf,top_vs_bottom,Effect_37,36,215.77925,141.93466,-62.412682,493.97119,122,100
contracts,rf,top_vs_bottom,Effect_38,37,93.01693,142.5081,-186.29895,372.33279,122,100
contracts,rf,top_vs_bottom,Effect_39,38,162.19623,121.56474,-76.070656,400.46313,122,100
contracts,rf,top_vs_bottom,Effect_40,39,196.9286,165.59663,-127.64079,521.49799,122,100
contracts,rf,top_vs_bottom,Effect_41,40,264.06732,118.03877,32.711323,495.42331,122,100
contracts,rf,top_vs_bottom,Effect_42,41,413.55478,144.70496,129.93306,697.17651,122,100
contracts,rf,top_vs_bottom,Effect_43,42,167.50418,117.99387,-63.763802,398.77216,122,100
unemployment,cosine_nearest,top_vs_bottom,Placebo_20,-21,-.0031119846,.0067862007,-.016412938,.010188969,124,100
unemployment,cosine_nearest,top_vs_bottom,Placebo_19,-20,-.0039801733,.0068282434,-.017363532,.0094031841,124,100
unemployment,cosine_nearest,top_vs_bottom,Placebo_18,-19,.0049248575,.0069497759,-.0086967032,.018546417,124,100
unemployment,cosine_nearest,top_vs_bottom,Placebo_17,-18,-.0035018192,.0068274532,-.016883627,.0098799886,124,100
unemployment,cosine_nearest,top_vs_bottom,Placebo_16,-17,-.0047880318,.0073284041,-.019151704,.0095756408,124,100
unemployment,cosine_nearest,top_vs_bottom,Placebo_15,-16,.00028937167,.0079237502,-.01524118,.015819922,124,100
unemployment,cosine_nearest,top_vs_bottom,Placebo_14,-15,.0066917734,.0072935619,-.0076036081,.020987155,124,100
unemployment,cosine_nearest,top_vs_bottom,Placebo_13,-14,.0074049742,.0069422703,-.0062018754,.021011824,124,100
unemployment,cosine_nearest,top_vs_bottom,Placebo_12,-13,.012203265,.0074395319,-.0023782174,.026784746,124,100
unemployment,cosine_nearest,top_vs_bottom,Placebo_11,-12,.0044406536,.007157228,-.0095875133,.018468821,124,100
unemployment,cosine_nearest,top_vs_bottom,Placebo_10,-11,.0057823323,.0072789383,-.0084843868,.02004905,124,100
unemployment,cosine_nearest,top_vs_bottom,Placebo_9,-10,-.013269613,.0066911569,-.026384279,-.00015494453,124,100
unemployment,cosine_nearest,top_vs_bottom,Placebo_8,-9,.0014265645,.0069569475,-.012209053,.015062182,124,100
unemployment,cosine_nearest,top_vs_bottom,Placebo_7,-8,.00053824374,.0073139174,-.013797035,.014873522,124,100
unemployment,cosine_nearest,top_vs_bottom,Placebo_6,-7,-.0047098673,.0060226698,-.016514301,.0070945658,124,100
unemployment,cosine_nearest,top_vs_bottom,Placebo_5,-6,-.013074622,.0060916189,-.025014196,-.0011350499,124,100
unemployment,cosine_nearest,top_vs_bottom,Placebo_4,-5,-.012398345,.0056924876,-.023555622,-.0012410699,124,100
unemployment,cosine_nearest,top_vs_bottom,Placebo_3,-4,-.0087503381,.0057075783,-.019937191,.0024365147,124,100
unemployment,cosine_nearest,top_vs_bottom,Placebo_2,-3,.0064006485,.0051117064,-.0036182958,.016419593,124,100
unemployment,cosine_nearest,top_vs_bottom,Placebo_1,-2,.010505612,.0056979666,-.00066240289,.021673625,124,100
unemployment,cosine_nearest,top_vs_bottom,Reference,-1,0,,,,,100
unemployment,cosine_nearest,top_vs_bottom,Effect_1,0,.012419966,.0071089114,-.0015135005,.026353434,124,100
unemployment,cosine_nearest,top_vs_bottom,Effect_2,1,.019979768,.0085945688,.0031344125,.036825124,124,100
unemployment,cosine_nearest,top_vs_bottom,Effect_3,2,.018472442,.0094107296,.000027412136,.036917474,124,100
unemployment,cosine_nearest,top_vs_bottom,Effect_4,3,.019774741,.0097110262,.00074112968,.038808353,124,100
unemployment,cosine_nearest,top_vs_bottom,Effect_5,4,.020283785,.010836954,-.00095664593,.041524217,124,100
unemployment,cosine_nearest,top_vs_bottom,Effect_6,5,.026732033,.01193319,.0033429815,.050121084,124,100
unemployment,cosine_nearest,top_vs_bottom,Effect_7,6,.038061973,.013136707,.012314026,.063809916,124,100
unemployment,cosine_nearest,top_vs_bottom,Effect_8,7,.043580044,.013047275,.018007383,.069152705,124,100
unemployment,cosine_nearest,top_vs_bottom,Effect_9,8,.048595335,.01417732,.020807788,.076382883,124,100
unemployment,cosine_nearest,top_vs_bottom,Effect_10,9,.056241181,.014922386,.026993303,.085489057,124,100
unemployment,cosine_nearest,top_vs_bottom,Effect_11,10,.067199253,.01400272,.039753921,.094644584,124,100
unemployment,cosine_nearest,top_vs_bottom,Effect_12,11,.073557608,.014925741,.04430316,.10281206,124,100
unemployment,cosine_nearest,top_vs_bottom,Effect_13,12,.078351051,.016937541,.045153473,.11154863,124,100
unemployment,cosine_nearest,top_vs_bottom,Effect_14,13,.075687885,.018383563,.039656103,.11171967,124,100
unemployment,cosine_nearest,top_vs_bottom,Effect_15,14,.077350892,.018402524,.041281942,.11341984,124,100
unemployment,cosine_nearest,top_vs_bottom,Effect_16,15,.07347206,.017736943,.038707651,.10823647,124,100
unemployment,cosine_nearest,top_vs_bottom,Effect_17,16,.069451362,.019262299,.031697262,.10720547,124,100
unemployment,cosine_nearest,top_vs_bottom,Effect_18,17,.067633338,.021336218,.025814349,.10945232,124,100
unemployment,cosine_nearest,top_vs_bottom,Effect_19,18,.067780502,.022659224,.023368428,.11219258,124,100
unemployment,cosine_nearest,top_vs_bottom,Effect_20,19,.07438127,.023651347,.028024632,.12073791,124,100
unemployment,cosine_nearest,top_vs_bottom,Effect_21,20,.074763328,.024377763,.026982913,.12254375,124,100
unemployment,cosine_nearest,top_vs_bottom,Effect_22,21,.074151374,.024114845,.026886279,.12141647,124,100
unemployment,cosine_nearest,top_vs_bottom,Effect_23,22,.081670403,.02389146,.034843139,.12849768,124,100
unemployment,cosine_nearest,top_vs_bottom,Effect_24,23,.089196444,.024897864,.040396631,.13799626,124,100
unemployment,cosine_nearest,top_vs_bottom,Effect_25,24,.088131674,.027151603,.034914535,.14134882,124,100
unemployment,cosine_nearest,top_vs_bottom,Effect_26,25,.091220215,.028617993,.035128947,.14731148,124,100
unemployment,cosine_nearest,top_vs_bottom,Effect_27,26,.097551487,.028890342,.040926419,.15417656,124,100
unemployment,cosine_nearest,top_vs_bottom,Effect_28,27,.090974845,.02868907,.034744266,.14720543,124,100
unemployment,cosine_nearest,top_vs_bottom,Effect_29,28,.093813546,.030355826,.034316126,.15331097,124,100
unemployment,cosine_nearest,top_vs_bottom,Effect_30,29,.11079521,.03079672,.050433632,.17115678,124,100
unemployment,cosine_nearest,top_vs_bottom,Effect_31,30,.11161367,.032241985,.048419382,.17480795,124,100
unemployment,cosine_nearest,top_vs_bottom,Effect_32,31,.11216864,.03233961,.048783012,.17555428,124,100
unemployment,cosine_nearest,top_vs_bottom,Effect_33,32,.12010702,.032603201,.056204744,.18400928,124,100
unemployment,cosine_nearest,top_vs_bottom,Effect_34,33,.12629853,.032390695,.062812768,.1897843,124,100
unemployment,cosine_nearest,top_vs_bottom,Effect_35,34,.13821276,.031773537,.075936623,.2004889,124,100
unemployment,cosine_nearest,top_vs_bottom,Effect_36,35,.14071715,.032256871,.077493683,.20394062,124,100
unemployment,cosine_nearest,top_vs_bottom,Effect_37,36,.14727519,.033492126,.081630625,.21291976,124,100
unemployment,cosine_nearest,top_vs_bottom,Effect_38,37,.14214094,.035451442,.072656125,.21162577,124,100
unemployment,cosine_nearest,top_vs_bottom,Effect_39,38,.14588946,.035226997,.076844551,.21493438,124,100
unemployment,cosine_nearest,top_vs_bottom,Effect_40,39,.12898417,.034618273,.06113236,.19683598,124,100
unemployment,cosine_nearest,top_vs_bottom,Effect_41,40,.14053416,.03568095,.070599496,.21046881,124,100
unemployment,cosine_nearest,top_vs_bottom,Effect_42,41,.14973883,.036870927,.077471823,.22200584,124,100
unemployment,cosine_nearest,top_vs_bottom,Effect_43,42,.16556549,.038021717,.091042921,.24008806,124,100
unemployment,cosine_nearest,top_vs_zero,Placebo_20,-21,-.0031119846,.0078693526,-.018535916,.012311946,124,100
unemployment,cosine_nearest,top_vs_zero,Placebo_19,-20,-.0039801733,.0081459107,-.019946158,.011985811,124,100
unemployment,cosine_nearest,top_vs_zero,Placebo_18,-19,.0049248575,.0074935555,-.0097625116,.019612227,124,100
unemployment,cosine_nearest,top_vs_zero,Placebo_17,-18,-.0035018192,.0076806862,-.018555963,.011552325,124,100
unemployment,cosine_nearest,top_vs_zero,Placebo_16,-17,-.0047880318,.0084227715,-.021296663,.011720601,124,100
unemployment,cosine_nearest,top_vs_zero,Placebo_15,-16,.00028937167,.0082130097,-.015808126,.01638687,124,100
unemployment,cosine_nearest,top_vs_zero,Placebo_14,-15,.0066917734,.0067712008,-.00657978,.019963328,124,100
unemployment,cosine_nearest,top_vs_zero,Placebo_13,-14,.0074049742,.0075285286,-.0073509417,.02216089,124,100
unemployment,cosine_nearest,top_vs_zero,Placebo_12,-13,.012203265,.0070832185,-.0016798438,.026086373,124,100
unemployment,cosine_nearest,top_vs_zero,Placebo_11,-12,.0044406536,.0066680727,-.0086287688,.017510077,124,100
unemployment,cosine_nearest,top_vs_zero,Placebo_10,-11,.0057823323,.0066470401,-.0072458661,.018810531,124,100
unemployment,cosine_nearest,top_vs_zero,Placebo_9,-10,-.013269613,.0065392614,-.026086565,-.00045265962,124,100
unemployment,cosine_nearest,top_vs_zero,Placebo_8,-9,.0014265645,.0077503924,-.013764204,.016617334,124,100
unemployment,cosine_nearest,top_vs_zero,Placebo_7,-8,.00053824374,.0070786909,-.013335991,.014412478,124,100
unemployment,cosine_nearest,top_vs_zero,Placebo_6,-7,-.0047098673,.0069665336,-.018364273,.0089445384,124,100
unemployment,cosine_nearest,top_vs_zero,Placebo_5,-6,-.013074622,.0072104582,-.027207121,.0010578752,124,100
unemployment,cosine_nearest,top_vs_zero,Placebo_4,-5,-.012398345,.0065803342,-.025295801,.00049910904,124,100
unemployment,cosine_nearest,top_vs_zero,Placebo_3,-4,-.0087503381,.0067633935,-.02200659,.0045059123,124,100
unemployment,cosine_nearest,top_vs_zero,Placebo_2,-3,.0064006485,.0059334105,-.0052288361,.018030133,124,100
unemployment,cosine_nearest,top_vs_zero,Placebo_1,-2,.010505612,.0055856374,-.00044223812,.021453461,124,100
unemployment,cosine_nearest,top_vs_zero,Reference,-1,0,,,,,100
unemployment,cosine_nearest,top_vs_zero,Effect_1,0,.012419966,.0070249978,-.0013490295,.026188962,124,100
unemployment,cosine_nearest,top_vs_zero,Effect_2,1,.019979768,.0099168029,.00054283539,.039416701,124,100
unemployment,cosine_nearest,top_vs_zero,Effect_3,2,.018472442,.01045273,-.0020149078,.038959794,124,100
unemployment,cosine_nearest,top_vs_zero,Effect_4,3,.019774741,.010553814,-.00091073557,.040460218,124,100
unemployment,cosine_nearest,top_vs_zero,Effect_5,4,.020283785,.011547496,-.0023493071,.042916875,124,100
unemployment,cosine_nearest,top_vs_zero,Effect_6,5,.026732033,.012846333,.0015532208,.051910844,124,100
unemployment,cosine_nearest,top_vs_zero,Effect_7,6,.038061973,.014232981,.010165331,.065958619,124,100
unemployment,cosine_nearest,top_vs_zero,Effect_8,7,.043580044,.014802714,.014566722,.072593361,124,100
unemployment,cosine_nearest,top_vs_zero,Effect_9,8,.048595335,.015336882,.018535046,.078655623,124,100
unemployment,cosine_nearest,top_vs_zero,Effect_10,9,.056241181,.016252492,.024386296,.08809606,124,100
unemployment,cosine_nearest,top_vs_zero,Effect_11,10,.067199253,.016208153,.03543127,.098967232,124,100
unemployment,cosine_nearest,top_vs_zero,Effect_12,11,.073557608,.016067579,.042065155,.10505006,124,100
unemployment,cosine_nearest,top_vs_zero,Effect_13,12,.078351051,.016825529,.045373015,.11132909,124,100
unemployment,cosine_nearest,top_vs_zero,Effect_14,13,.075687885,.018009756,.040388763,.11098701,124,100
unemployment,cosine_nearest,top_vs_zero,Effect_15,14,.077350892,.019190736,.039737046,.11496473,124,100
unemployment,cosine_nearest,top_vs_zero,Effect_16,15,.07347206,.018769996,.036682863,.11026125,124,100
unemployment,cosine_nearest,top_vs_zero,Effect_17,16,.069451362,.019321693,.031580847,.10732188,124,100
unemployment,cosine_nearest,top_vs_zero,Effect_18,17,.067633338,.02203129,.024452006,.11081467,124,100
unemployment,cosine_nearest,top_vs_zero,Effect_19,18,.067780502,.023574065,.021575337,.11398567,124,100
unemployment,cosine_nearest,top_vs_zero,Effect_20,19,.07438127,.024959004,.025461625,.12330092,124,100
unemployment,cosine_nearest,top_vs_zero,Effect_21,20,.074763328,.026034323,.02373606,.12579061,124,100
unemployment,cosine_nearest,top_vs_zero,Effect_22,21,.074151374,.025157753,.024842178,.12346057,124,100
unemployment,cosine_nearest,top_vs_zero,Effect_23,22,.081670403,.025892712,.03092069,.13242012,124,100
unemployment,cosine_nearest,top_vs_zero,Effect_24,23,.089196444,.026799645,.036669139,.14172375,124,100
unemployment,cosine_nearest,top_vs_zero,Effect_25,24,.088131674,.028002609,.033246566,.14301679,124,100
unemployment,cosine_nearest,top_vs_zero,Effect_26,25,.091220215,.029506709,.033387065,.14905336,124,100
unemployment,cosine_nearest,top_vs_zero,Effect_27,26,.097551487,.028841395,.041022353,.15408063,124,100
unemployment,cosine_nearest,top_vs_zero,Effect_28,27,.090974845,.029030025,.034075994,.1478737,124,100
unemployment,cosine_nearest,top_vs_zero,Effect_29,28,.093813546,.029066212,.036843769,.15078333,124,100
unemployment,cosine_nearest,top_vs_zero,Effect_30,29,.11079521,.030231616,.051541239,.17004918,124,100
unemployment,cosine_nearest,top_vs_zero,Effect_31,30,.11161367,.031655379,.04956913,.17365821,124,100
unemployment,cosine_nearest,top_vs_zero,Effect_32,31,.11216864,.032145116,.04916421,.17517307,124,100
unemployment,cosine_nearest,top_vs_zero,Effect_33,32,.12010702,.032707252,.056000806,.18421324,124,100
unemployment,cosine_nearest,top_vs_zero,Effect_34,33,.12629853,.032844793,.061922736,.19067433,124,100
unemployment,cosine_nearest,top_vs_zero,Effect_35,34,.13821276,.033672038,.072215565,.20420995,124,100
unemployment,cosine_nearest,top_vs_zero,Effect_36,35,.14071715,.033593368,.074874148,.20656015,124,100
unemployment,cosine_nearest,top_vs_zero,Effect_37,36,.14727519,.034646031,.079368971,.21518141,124,100
unemployment,cosine_nearest,top_vs_zero,Effect_38,37,.14214094,.035377678,.072800696,.2114812,124,100
unemployment,cosine_nearest,top_vs_zero,Effect_39,38,.14588946,.036424201,.074498035,.21728089,124,100
unemployment,cosine_nearest,top_vs_zero,Effect_40,39,.12898417,.035656121,.059098173,.19887017,124,100
unemployment,cosine_nearest,top_vs_zero,Effect_41,40,.14053416,.035616972,.07072489,.21034342,124,100
unemployment,cosine_nearest,top_vs_zero,Effect_42,41,.14973883,.036752313,.077704303,.22177337,124,100
unemployment,cosine_nearest,top_vs_zero,Effect_43,42,.16556549,.037775371,.091525763,.23960522,124,100
unemployment,cosine_weighted,top_vs_bottom,Placebo_20,-21,-.006677615,.0098464815,-.025976719,.012621489,124,100
unemployment,cosine_weighted,top_vs_bottom,Placebo_19,-20,-.0082235523,.0097878315,-.027407702,.010960597,124,100
unemployment,cosine_weighted,top_vs_bottom,Placebo_18,-19,-.0020297621,.0091012148,-.019868143,.01580862,124,100
unemployment,cosine_weighted,top_vs_bottom,Placebo_17,-18,-.0098807029,.0095844837,-.02866629,.0089048846,124,100
unemployment,cosine_weighted,top_vs_bottom,Placebo_16,-17,-.012627502,.0096953437,-.031630374,.0063753715,124,100
unemployment,cosine_weighted,top_vs_bottom,Placebo_15,-16,-.0055379495,.0099298023,-.025000362,.013924463,124,100
unemployment,cosine_weighted,top_vs_bottom,Placebo_14,-15,.0037043919,.0087821446,-.013508612,.020917395,124,100
unemployment,cosine_weighted,top_vs_bottom,Placebo_13,-14,.0064847334,.0084968433,-.01016908,.023138545,124,100
unemployment,cosine_weighted,top_vs_bottom,Placebo_12,-13,.0062527419,.00886623,-.01112507,.023630554,124,100
unemployment,cosine_weighted,top_vs_bottom,Placebo_11,-12,-.0039157504,.0089997668,-.021555293,.013723793,124,100
unemployment,cosine_weighted,top_vs_bottom,Placebo_10,-11,-.0045347409,.0086831003,-.021553617,.012484136,124,100
unemployment,cosine_weighted,top_vs_bottom,Placebo_9,-10,-.02584824,.010007318,-.045462586,-.0062338966,124,100
unemployment,cosine_weighted,top_vs_bottom,Placebo_8,-9,-.0092239836,.010214124,-.029243665,.010795699,124,100
unemployment,cosine_weighted,top_vs_bottom,Placebo_7,-8,-.011709037,.010601879,-.032488722,.009070646,124,100
unemployment,cosine_weighted,top_vs_bottom,Placebo_6,-7,-.017657032,.010136123,-.037523832,.00220977,124,100
unemployment,cosine_weighted,top_vs_bottom,Placebo_5,-6,-.024739465,.010063459,-.044463843,-.005015085,124,100
unemployment,cosine_weighted,top_vs_bottom,Placebo_4,-5,-.020853419,.01052012,-.041472856,-.00023398259,124,100
unemployment,cosine_weighted,top_vs_bottom,Placebo_3,-4,-.015600696,.0097154053,-.03464289,.0034414988,124,100
unemployment,cosine_weighted,top_vs_bottom,Placebo_2,-3,.0032053271,.0081980778,-.012862906,.01927356,124,100
unemployment,cosine_weighted,top_vs_bottom,Placebo_1,-2,.01114048,.0080389138,-.0046157921,.026896751,124,100
unemployment,cosine_weighted,top_vs_bottom,Reference,-1,0,,,,,100
unemployment,cosine_weighted,top_vs_bottom,Effect_1,0,.0086732693,.0098674977,-.010667026,.028013565,124,100
unemployment,cosine_weighted,top_vs_bottom,Effect_2,1,.018986534,.011783824,-.0041097598,.042082831,124,100
unemployment,cosine_weighted,top_vs_bottom,Effect_3,2,.017105,.012664277,-.0077169826,.041926984,124,100
unemployment,cosine_weighted,top_vs_bottom,Effect_4,3,.018160911,.0122143,-.0057791183,.04210094,124,100
unemployment,cosine_weighted,top_vs_bottom,Effect_5,4,.02154557,.014102407,-.0060951472,.049186286,124,100
unemployment,cosine_weighted,top_vs_bottom,Effect_6,5,.02860271,.01518391,-.0011577546,.058363173,124,100
unemployment,cosine_weighted,top_vs_bottom,Effect_7,6,.041067246,.016526671,.0086749699,.073459521,124,100
unemployment,cosine_weighted,top_vs_bottom,Effect_8,7,.042199031,.017323539,.0082448926,.076153167,124,100
unemployment,cosine_weighted,top_vs_bottom,Effect_9,8,.047563903,.017638965,.012991535,.082136273,124,100
unemployment,cosine_weighted,top_vs_bottom,Effect_10,9,.056207102,.018355032,.020231239,.092182964,124,100
unemployment,cosine_weighted,top_vs_bottom,Effect_11,10,.069848292,.017240677,.036056563,.10364002,124,100
unemployment,cosine_weighted,top_vs_bottom,Effect_12,11,.080915302,.017434955,.046742786,.11508781,124,100
unemployment,cosine_weighted,top_vs_bottom,Effect_13,12,.087476276,.018926516,.050380304,.12457225,124,100
unemployment,cosine_weighted,top_vs_bottom,Effect_14,13,.084624305,.020176668,.045078039,.12417058,124,100
unemployment,cosine_weighted,top_vs_bottom,Effect_15,14,.083683789,.020834185,.042848788,.1245188,124,100
unemployment,cosine_weighted,top_vs_bottom,Effect_16,15,.081423193,.020285562,.041663498,.1211829,124,100
unemployment,cosine_weighted,top_vs_bottom,Effect_17,16,.078237832,.021321008,.036448654,.12002701,124,100
unemployment,cosine_weighted,top_vs_bottom,Effect_18,17,.075668283,.024428301,.027788814,.12354776,124,100
unemployment,cosine_weighted,top_vs_bottom,Effect_19,18,.077095561,.025831819,.026465198,.12772593,124,100
unemployment,cosine_weighted,top_vs_bottom,Effect_20,19,.082101636,.027331745,.028531417,.13567185,124,100
unemployment,cosine_weighted,top_vs_bottom,Effect_21,20,.078277811,.028540606,.022338225,.1342174,124,100
unemployment,cosine_weighted,top_vs_bottom,Effect_22,21,.078800149,.027674869,.024557406,.13304289,124,100
unemployment,cosine_weighted,top_vs_bottom,Effect_23,22,.08943522,.027391141,.035748582,.14312185,124,100
unemployment,cosine_weighted,top_vs_bottom,Effect_24,23,.10323835,.028546374,.047287457,.15918925,124,100
unemployment,cosine_weighted,top_vs_bottom,Effect_25,24,.10082137,.030601326,.040842768,.16079997,124,100
unemployment,cosine_weighted,top_vs_bottom,Effect_26,25,.10344484,.030929467,.042823091,.1640666,124,100
unemployment,cosine_weighted,top_vs_bottom,Effect_27,26,.10795049,.031420033,.046367221,.16953374,124,100
unemployment,cosine_weighted,top_vs_bottom,Effect_28,27,.10110403,.030788433,.040758703,.16144936,124,100
unemployment,cosine_weighted,top_vs_bottom,Effect_29,28,.10408529,.03178864,.041779548,.16639103,124,100
unemployment,cosine_weighted,top_vs_bottom,Effect_30,29,.12182419,.032449126,.058223903,.18542448,124,100
unemployment,cosine_weighted,top_vs_bottom,Effect_31,30,.12259361,.033487413,.056958284,.18822895,124,100
unemployment,cosine_weighted,top_vs_bottom,Effect_32,31,.12054748,.034316208,.053287715,.18780725,124,100
unemployment,cosine_weighted,top_vs_bottom,Effect_33,32,.12788944,.033822794,.061596759,.19418211,124,100
unemployment,cosine_weighted,top_vs_bottom,Effect_34,33,.13432735,.033960026,.067765713,.20088901,124,100
unemployment,cosine_weighted,top_vs_bottom,Effect_35,34,.15532729,.033029467,.090589531,.22006504,124,100
unemployment,cosine_weighted,top_vs_bottom,Effect_36,35,.16133106,.033977956,.094734266,.22792785,124,100
unemployment,cosine_weighted,top_vs_bottom,Effect_37,36,.16734247,.035168506,.098412186,.23627274,124,100
unemployment,cosine_weighted,top_vs_bottom,Effect_38,37,.15975767,.036325548,.088559605,.23095575,124,100
unemployment,cosine_weighted,top_vs_bottom,Effect_39,38,.16211021,.036844701,.0898946,.23432583,124,100
unemployment,cosine_weighted,top_vs_bottom,Effect_40,39,.14718582,.036929082,.07480482,.21956682,124,100
unemployment,cosine_weighted,top_vs_bottom,Effect_41,40,.15652199,.037777133,.082478806,.23056518,124,100
unemployment,cosine_weighted,top_vs_bottom,Effect_42,41,.16687533,.038387861,.09163513,.24211554,124,100
unemployment,cosine_weighted,top_vs_bottom,Effect_43,42,.1844399,.039472725,.10707335,.26180643,124,100
unemployment,cosine_weighted,top_vs_zero,Placebo_20,-21,-.006677615,.011014522,-.028266078,.014910848,124,100
unemployment,cosine_weighted,top_vs_zero,Placebo_19,-20,-.0082235523,.010876738,-.029541958,.013094854,124,100
unemployment,cosine_weighted,top_vs_zero,Placebo_18,-19,-.0020297621,.010644649,-.022893274,.018833751,124,100
unemployment,cosine_weighted,top_vs_zero,Placebo_17,-18,-.0098807029,.011233168,-.031897712,.012136306,124,100
unemployment,cosine_weighted,top_vs_zero,Placebo_16,-17,-.012627502,.012455487,-.037040256,.011785251,124,100
unemployment,cosine_weighted,top_vs_zero,Placebo_15,-16,-.0055379495,.012063058,-.029181544,.018105645,124,100
unemployment,cosine_weighted,top_vs_zero,Placebo_14,-15,.0037043919,.00950203,-.014919587,.022328371,124,100
unemployment,cosine_weighted,top_vs_zero,Placebo_13,-14,.0064847334,.0091234492,-.011397227,.024366694,124,100
unemployment,cosine_weighted,top_vs_zero,Placebo_12,-13,.0062527419,.0092474036,-.01187217,.024377653,124,100
unemployment,cosine_weighted,top_vs_zero,Placebo_11,-12,-.0039157504,.0097225001,-.022971852,.01514035,124,100
unemployment,cosine_weighted,top_vs_zero,Placebo_10,-11,-.0045347409,.0097510014,-.023646705,.014577222,124,100
unemployment,cosine_weighted,top_vs_zero,Placebo_9,-10,-.02584824,.010380774,-.046194557,-.0055019227,124,100
unemployment,cosine_weighted,top_vs_zero,Placebo_8,-9,-.0092239836,.011447015,-.031660132,.013212166,124,100
unemployment,cosine_weighted,top_vs_zero,Placebo_7,-8,-.011709037,.011269772,-.033797789,.010379716,124,100
unemployment,cosine_weighted,top_vs_zero,Placebo_6,-7,-.017657032,.010725359,-.038678735,.0033646734,124,100
unemployment,cosine_weighted,top_vs_zero,Placebo_5,-6,-.024739465,.010276497,-.0448814,-.0045975293,124,100
unemployment,cosine_weighted,top_vs_zero,Placebo_4,-5,-.020853419,.010985347,-.042384699,.00067786028,124,100
unemployment,cosine_weighted,top_vs_zero,Placebo_3,-4,-.015600696,.010499893,-.036180485,.0049790945,124,100
unemployment,cosine_weighted,top_vs_zero,Placebo_2,-3,.0032053271,.0085219145,-.013497625,.019908279,124,100
unemployment,cosine_weighted,top_vs_zero,Placebo_1,-2,.01114048,.0082426863,-.0050151846,.027296145,124,100
unemployment,cosine_weighted,top_vs_zero,Reference,-1,0,,,,,100
unemployment,cosine_weighted,top_vs_zero,Effect_1,0,.0086732693,.010409767,-.011729874,.029076412,124,100
unemployment,cosine_weighted,top_vs_zero,Effect_2,1,.018986534,.012986224,-.0064664646,.044439536,124,100
unemployment,cosine_weighted,top_vs_zero,Effect_3,2,.017105,.013732042,-.0098098023,.044019803,124,100
unemployment,cosine_weighted,top_vs_zero,Effect_4,3,.018160911,.013143114,-.0075995917,.043921415,124,100
unemployment,cosine_weighted,top_vs_zero,Effect_5,4,.02154557,.015224893,-.0082952194,.05138636,124,100
unemployment,cosine_weighted,top_vs_zero,Effect_6,5,.02860271,.015863663,-.002490069,.05969549,124,100
unemployment,cosine_weighted,top_vs_zero,Effect_7,6,.041067246,.01745782,.0068499153,.07528457,124,100
unemployment,cosine_weighted,top_vs_zero,Effect_8,7,.042199031,.0177541,.0074009905,.076997064,124,100
unemployment,cosine_weighted,top_vs_zero,Effect_9,8,.047563903,.018923957,.01047295,.08465486,124,100
unemployment,cosine_weighted,top_vs_zero,Effect_10,9,.056207102,.018838784,.019283088,.093131118,124,100
unemployment,cosine_weighted,top_vs_zero,Effect_11,10,.069848292,.017581401,.035388745,.10430784,124,100
unemployment,cosine_weighted,top_vs_zero,Effect_12,11,.080915302,.017034065,.047528531,.11430207,124,100
unemployment,cosine_weighted,top_vs_zero,Effect_13,12,.087476276,.019589644,.049080577,.12587199,124,100
unemployment,cosine_weighted,top_vs_zero,Effect_14,13,.084624305,.020922629,.043615956,.12563266,124,100
unemployment,cosine_weighted,top_vs_zero,Effect_15,14,.083683789,.021557385,.041431319,.12593627,124,100
unemployment,cosine_weighted,top_vs_zero,Effect_16,15,.081423193,.020646792,.040955484,.12189091,124,100
unemployment,cosine_weighted,top_vs_zero,Effect_17,16,.078237832,.022146311,.034831062,.1216446,124,100
unemployment,cosine_weighted,top_vs_zero,Effect_18,17,.075668283,.024742205,.027173562,.124163,124,100
unemployment,cosine_weighted,top_vs_zero,Effect_19,18,.077095561,.026065856,.026006486,.12818465,124,100
unemployment,cosine_weighted,top_vs_zero,Effect_20,19,.082101636,.027142374,.028902587,.1353007,124,100
unemployment,cosine_weighted,top_vs_zero,Effect_21,20,.078277811,.028030671,.023337696,.13321793,124,100
unemployment,cosine_weighted,top_vs_zero,Effect_22,21,.078800149,.027564354,.024774013,.13282628,124,100
unemployment,cosine_weighted,top_vs_zero,Effect_23,22,.08943522,.027171833,.036178425,.14269201,124,100
unemployment,cosine_weighted,top_vs_zero,Effect_24,23,.10323835,.027030226,.05025911,.15621759,124,100
unemployment,cosine_weighted,top_vs_zero,Effect_25,24,.10082137,.029459519,.043080714,.15856202,124,100
unemployment,cosine_weighted,top_vs_zero,Effect_26,25,.10344484,.031227548,.04223885,.16465084,124,100
unemployment,cosine_weighted,top_vs_zero,Effect_27,26,.10795049,.031808678,.045605481,.17029549,124,100
unemployment,cosine_weighted,top_vs_zero,Effect_28,27,.10110403,.031235378,.03988269,.16232537,124,100
unemployment,cosine_weighted,top_vs_zero,Effect_29,28,.10408529,.031889718,.041581437,.16658914,124,100
unemployment,cosine_weighted,top_vs_zero,Effect_30,29,.12182419,.032688837,.05775407,.18589431,124,100
unemployment,cosine_weighted,top_vs_zero,Effect_31,30,.12259361,.033468775,.056994811,.18819241,124,100
unemployment,cosine_weighted,top_vs_zero,Effect_32,31,.12054748,.033911277,.05408138,.18701358,124,100
unemployment,cosine_weighted,top_vs_zero,Effect_33,32,.12788944,.034081362,.06108997,.1946889,124,100
unemployment,cosine_weighted,top_vs_zero,Effect_34,33,.13432735,.034643434,.066426232,.20222849,124,100
unemployment,cosine_weighted,top_vs_zero,Effect_35,34,.15532729,.033016201,.090615526,.22003904,124,100
unemployment,cosine_weighted,top_vs_zero,Effect_36,35,.16133106,.03308868,.09647724,.22618487,124,100
unemployment,cosine_weighted,top_vs_zero,Effect_37,36,.16734247,.035002194,.098738164,.23594676,124,100
unemployment,cosine_weighted,top_vs_zero,Effect_38,37,.15975767,.037496589,.086264364,.23325099,124,100
unemployment,cosine_weighted,top_vs_zero,Effect_39,38,.16211021,.03784655,.08793097,.23628946,124,100
unemployment,cosine_weighted,top_vs_zero,Effect_40,39,.14718582,.037921879,.072858945,.22151271,124,100
unemployment,cosine_weighted,top_vs_zero,Effect_41,40,.15652199,.03942126,.079256319,.23378766,124,100
unemployment,cosine_weighted,top_vs_zero,Effect_42,41,.16687533,.039466083,.089521818,.24422887,124,100
unemployment,cosine_weighted,top_vs_zero,Effect_43,42,.1844399,.039714411,.10659964,.26228014,124,100
unemployment,rf,top_vs_bottom,Placebo_20,-21,.010649707,.012413037,-.013679845,.034979258,122,100
unemployment,rf,top_vs_bottom,Placebo_19,-20,.011144114,.011779437,-.011943582,.034231812,122,100
unemployment,rf,top_vs_bottom,Placebo_18,-19,.011423657,.011186257,-.010501407,.033348721,122,100
unemployment,rf,top_vs_bottom,Placebo_17,-18,.00014712266,.011660199,-.022706866,.023001112,122,100
unemployment,rf,top_vs_bottom,Placebo_16,-17,-.007381096,.011591957,-.030101331,.01533914,122,100
unemployment,rf,top_vs_bottom,Placebo_15,-16,.000039082188,.013031866,-.025503376,.025581541,122,100
unemployment,rf,top_vs_bottom,Placebo_14,-15,.032466222,.014391626,.0042586341,.060673807,122,100
unemployment,rf,top_vs_bottom,Placebo_13,-14,.045464016,.015199989,.015672039,.075255997,122,100
unemployment,rf,top_vs_bottom,Placebo_12,-13,.037501026,.014154532,.0097581446,.065243907,122,100
unemployment,rf,top_vs_bottom,Placebo_11,-12,.025506135,.0132835,-.00052952464,.051541794,122,100
unemployment,rf,top_vs_bottom,Placebo_10,-11,.023477325,.013612598,-.003203368,.050158016,122,100
unemployment,rf,top_vs_bottom,Placebo_9,-10,-.010301004,.014057288,-.037853289,.017251281,122,100
unemployment,rf,top_vs_bottom,Placebo_8,-9,.0038354993,.012982257,-.021609724,.029280722,122,100
unemployment,rf,top_vs_bottom,Placebo_7,-8,-.0035419017,.011862034,-.026791489,.019707685,122,100
unemployment,rf,top_vs_bottom,Placebo_6,-7,-.014610256,.01301849,-.040126495,.010905984,122,100
unemployment,rf,top_vs_bottom,Placebo_5,-6,-.018148443,.012798453,-.04323341,.0069365245,122,100
unemployment,rf,top_vs_bottom,Placebo_4,-5,-.0048991898,.01109251,-.02664051,.016842131,122,100
unemployment,rf,top_vs_bottom,Placebo_3,-4,.0067350427,.011328307,-.015468438,.028938524,122,100
unemployment,rf,top_vs_bottom,Placebo_2,-3,.04693025,.014199507,.019099217,.074761286,122,100
unemployment,rf,top_vs_bottom,Placebo_1,-2,.057857949,.014790547,.028868478,.086847425,122,100
unemployment,rf,top_vs_bottom,Reference,-1,0,,,,,100
unemployment,rf,top_vs_bottom,Effect_1,0,.030199103,.014377444,.0020193132,.058378894,122,100
unemployment,rf,top_vs_bottom,Effect_2,1,.036979921,.01651655,.0046074828,.069352359,122,100
unemployment,rf,top_vs_bottom,Effect_3,2,.03958188,.017606657,.0050728312,.074090928,122,100
unemployment,rf,top_vs_bottom,Effect_4,3,.030710304,.017200794,-.0030032534,.064423859,122,100
unemployment,rf,top_vs_bottom,Effect_5,4,.03968557,.019992383,.0005005016,.078870639,122,100
unemployment,rf,top_vs_bottom,Effect_6,5,.052006792,.021404877,.010053231,.093960352,122,100
unemployment,rf,top_vs_bottom,Effect_7,6,.05144849,.020485638,.011296641,.091600344,122,100
unemployment,rf,top_vs_bottom,Effect_8,7,.050659958,.020283673,.010903959,.090415962,122,100
unemployment,rf,top_vs_bottom,Effect_9,8,.066035472,.020226911,.026390726,.10568022,122,100
unemployment,rf,top_vs_bottom,Effect_10,9,.091969982,.019324541,.054093882,.12984608,122,100
unemployment,rf,top_vs_bottom,Effect_11,10,.13541916,.021749889,.092789374,.17804894,122,100
unemployment,rf,top_vs_bottom,Effect_12,11,.15170921,.022103248,.10838685,.19503158,122,100
unemployment,rf,top_vs_bottom,Effect_13,12,.14514142,.022016991,.10198812,.18829472,122,100
unemployment,rf,top_vs_bottom,Effect_14,13,.14420301,.02403939,.097085811,.19132021,122,100
unemployment,rf,top_vs_bottom,Effect_15,14,.13797498,.024225587,.09049283,.18545713,122,100
unemployment,rf,top_vs_bottom,Effect_16,15,.1286152,.022243794,.085017361,.17221303,122,100
unemployment,rf,top_vs_bottom,Effect_17,16,.1341161,.025273297,.084580429,.18365176,122,100
unemployment,rf,top_vs_bottom,Effect_18,17,.12087234,.028082913,.065829828,.17591485,122,100
unemployment,rf,top_vs_bottom,Effect_19,18,.12891838,.029148106,.071788095,.18604867,122,100
unemployment,rf,top_vs_bottom,Effect_20,19,.11955678,.029792162,.061164152,.17794943,122,100
unemployment,rf,top_vs_bottom,Effect_21,20,.12781879,.031214131,.066639096,.18899849,122,100
unemployment,rf,top_vs_bottom,Effect_22,21,.13790774,.030853687,.07743451,.19838096,122,100
unemployment,rf,top_vs_bottom,Effect_23,22,.17912687,.030743349,.11886992,.23938385,122,100
unemployment,rf,top_vs_bottom,Effect_24,23,.19411302,.032118566,.13116063,.25706542,122,100
unemployment,rf,top_vs_bottom,Effect_25,24,.18651307,.032960132,.12191121,.2511149,122,100
unemployment,rf,top_vs_bottom,Effect_26,25,.19496723,.035154983,.12606345,.26387098,122,100
unemployment,rf,top_vs_bottom,Effect_27,26,.19328468,.036266305,.12220272,.26436663,122,100
unemployment,rf,top_vs_bottom,Effect_28,27,.18422951,.034950938,.11572567,.25273335,122,100
unemployment,rf,top_vs_bottom,Effect_29,28,.19407986,.036648158,.12224948,.26591024,122,100
unemployment,rf,top_vs_bottom,Effect_30,29,.20169406,.038458902,.12631461,.2770735,122,100
unemployment,rf,top_vs_bottom,Effect_31,30,.20268217,.038245972,.12772006,.27764428,122,100
unemployment,rf,top_vs_bottom,Effect_32,31,.19891323,.038032718,.1243691,.27345735,122,100
unemployment,rf,top_vs_bottom,Effect_33,32,.20563285,.037184287,.13275166,.27851406,122,100
unemployment,rf,top_vs_bottom,Effect_34,33,.21992837,.037582543,.14626659,.29359016,122,100
unemployment,rf,top_vs_bottom,Effect_35,34,.26398748,.03610817,.19321546,.3347595,122,100
unemployment,rf,top_vs_bottom,Effect_36,35,.27681366,.036691319,.20489867,.34872866,122,100
unemployment,rf,top_vs_bottom,Effect_37,36,.27071914,.038205791,.1958358,.34560251,122,100
unemployment,rf,top_vs_bottom,Effect_38,37,.27353847,.040293492,.19456321,.3525137,122,100
unemployment,rf,top_vs_bottom,Effect_39,38,.26605102,.041384783,.18493684,.34716517,122,100
unemployment,rf,top_vs_bottom,Effect_40,39,.25066128,.040863819,.17056818,.33075437,122,100
unemployment,rf,top_vs_bottom,Effect_41,40,.26330552,.043041389,.17894441,.34766665,122,100
unemployment,rf,top_vs_bottom,Effect_42,41,.26423994,.043624397,.17873611,.34974375,122,100
unemployment,rf,top_vs_bottom,Effect_43,42,.27771622,.042586051,.19424756,.36118487,122,100
